feedback,sentiment
The internship met the basic requirements.,Neutral
The overall experience was disappointing.,Negative
The internship lacked proper structure.,Negative
The work environment was very professional and welcoming.,Positive
The tasks assigned were repetitive and boring.,Negative
The expectations were unclear throughout the internship.,Negative
The internship was neither exceptional nor poor.,Neutral
The internship was neither exceptional nor poor.,Neutral
This internship exceeded my expectations.,Positive
This internship exceeded my expectations.,Positive
I gained valuable industry experience.,Positive
The overall experience was disappointing.,Negative
The tasks assigned were repetitive and boring.,Negative
The work environment was very professional and welcoming.,Positive
The supervisors provided constructive feedback.,Positive
The training sessions were highly informative.,Positive
I received very little guidance from my supervisor.,Negative
The assigned tasks were manageable.,Neutral
The assigned tasks were manageable.,Neutral
I enjoyed working on real-world projects.,Positive
The assigned tasks were manageable.,Neutral
I gained valuable industry experience.,Positive
The internship experience was average overall.,Neutral
The tasks assigned were repetitive and boring.,Negative
The work environment was very professional and welcoming.,Positive
The overall experience was disappointing.,Negative
I enjoyed working on real-world projects.,Positive
The work environment was acceptable.,Neutral
The internship provided excellent learning oppurtunities.,Positive
I completed the assigned tasks successfully.,Neutral
The work environment was very professional and welcoming.,Positive
I gained valuable industry experience.,Positive
I completed the assigned tasks successfully.,Neutral
The support provided was sufficient.,Neutral
I enjoyed working on real-world projects.,Positive
The expectations were unclear throughout the internship.,Negative
I enjoyed working on real-world projects.,Positive
The expectations were unclear throughout the internship.,Negative
The internship provided excellent learning oppurtunities.,Positive
The overall experience was disappointing.,Negative
The training sessions were highly informative.,Positive
The tasks assigned were repetitive and boring.,Negative
The work environment was very professional and welcoming.,Positive
The work environment was acceptable.,Neutral
The training sessions were unorganized.,Negative
The overall experience was disappointing.,Negative
I learned many new technical skills.,Positive
The responsibilities were as expected.,Neutral
I learned many new technical skills.,Positive
The team was collaborative and encouraging.,Positive
Communication within the team was poor.,Negative
The supervisors provided constructive feedback.,Positive
The workload was overwhelming and stressful.,Negative
The internship provided excellent learning oppurtunities.,Positive
The team was collaborative and encouraging.,Positive
The experience was fairly standard.,Neutral
The overall experience was disappointing.,Negative
Communication within the team was poor.,Negative
I enjoyed working on real-world projects.,Positive
The mentors were very supportive and helpful.,Positive
The training sessions were highly informative.,Positive
The internship provided excellent learning oppurtunities.,Positive
I gained valuable industry experience.,Positive
There were limited opportunities to learn new skills.,Negative
The training provided was adequate.,Neutral
Communication within the team was poor.,Negative
The assigned tasks were manageable.,Neutral
The training sessions were highly informative.,Positive
The training sessions were highly informative.,Positive
The expectations were unclear throughout the internship.,Negative
The internship provided excellent learning oppurtunities.,Positive
The supervisors provided constructive feedback.,Positive
The training sessions were unorganized.,Negative
The team was collaborative and encouraging.,Positive
The supervisors provided constructive feedback.,Positive
I enjoyed working on real-world projects.,Positive
I learned many new technical skills.,Positive
The team was collaborative and encouraging.,Positive
The team was collaborative and encouraging.,Positive
I learned many new technical skills.,Positive
The internship provided excellent learning oppurtunities.,Positive
The internship provided excellent learning oppurtunities.,Positive
The internship was neither exceptional nor poor.,Neutral
The work environment was very professional and welcoming.,Positive
This internship exceeded my expectations.,Positive
There were limited opportunities to learn new skills.,Negative
The expectations were unclear throughout the internship.,Negative
Communication within the team was poor.,Negative
There were limited opportunities to learn new skills.,Negative
The internship experience was average overall.,Neutral
The internship provided excellent learning oppurtunities.,Positive
The expectations were unclear throughout the internship.,Negative
The work environment was very professional and welcoming.,Positive
The tasks assigned were repetitive and boring.,Negative
I completed the assigned tasks successfully.,Neutral
The training sessions were unorganized.,Negative
The expectations were unclear throughout the internship.,Negative
The mentors were very supportive and helpful.,Positive
The work environment was acceptable.,Neutral
I completed the assigned tasks successfully.,Neutral
The training sessions were unorganized.,Negative
The work environment was very professional and welcoming.,Positive
The training provided was adequate.,Neutral
The internship provided excellent learning oppurtunities.,Positive
The internship met the basic requirements.,Neutral
The training sessions were unorganized.,Negative
The team was collaborative and encouraging.,Positive
The team was collaborative and encouraging.,Positive
The training provided was adequate.,Neutral
There were limited opportunities to learn new skills.,Negative
The internship lacked proper structure.,Negative
The tasks assigned were repetitive and boring.,Negative
The training sessions were unorganized.,Negative
The training sessions were highly informative.,Positive
The tasks assigned were repetitive and boring.,Negative
I gained valuable industry experience.,Positive
The internship lacked proper structure.,Negative
The responsibilities were as expected.,Neutral
The workload was overwhelming and stressful.,Negative
There were limited opportunities to learn new skills.,Negative
I learned many new technical skills.,Positive
The mentors were very supportive and helpful.,Positive
The work environment was very professional and welcoming.,Positive
The tasks assigned were repetitive and boring.,Negative
The internship was neither exceptional nor poor.,Neutral
The mentors were very supportive and helpful.,Positive
The support provided was sufficient.,Neutral
There were limited opportunities to learn new skills.,Negative
The work environment was very professional and welcoming.,Positive
The supervisors provided constructive feedback.,Positive
The tasks assigned were repetitive and boring.,Negative
The team was collaborative and encouraging.,Positive
The support provided was sufficient.,Neutral
The workload was overwhelming and stressful.,Negative
The expectations were unclear throughout the internship.,Negative
I received very little guidance from my supervisor.,Negative
The supervisors provided constructive feedback.,Positive
The internship provided excellent learning oppurtunities.,Positive
The team was collaborative and encouraging.,Positive
The overall experience was disappointing.,Negative
I gained valuable industry experience.,Positive
I received very little guidance from my supervisor.,Negative
This internship exceeded my expectations.,Positive
I enjoyed working on real-world projects.,Positive
The internship lacked proper structure.,Negative
The internship provided excellent learning oppurtunities.,Positive
The tasks assigned were repetitive and boring.,Negative
The tasks assigned were repetitive and boring.,Negative
Communication within the team was poor.,Negative
The internship provided excellent learning oppurtunities.,Positive
The expectations were unclear throughout the internship.,Negative
The support provided was sufficient.,Neutral
The training sessions were highly informative.,Positive
I learned many new technical skills.,Positive
The team was collaborative and encouraging.,Positive
I learned many new technical skills.,Positive
I did not receive enough feedback on my work.,Negative
Communication within the team was poor.,Negative
The internship experience was average overall.,Neutral
I received very little guidance from my supervisor.,Negative
The team was collaborative and encouraging.,Positive
The internship provided excellent learning oppurtunities.,Positive
The supervisors provided constructive feedback.,Positive
The internship experience was average overall.,Neutral
I did not receive enough feedback on my work.,Negative
The training sessions were unorganized.,Negative
The mentors were very supportive and helpful.,Positive
The team was collaborative and encouraging.,Positive
The training sessions were unorganized.,Negative
The workload was overwhelming and stressful.,Negative
This internship exceeded my expectations.,Positive
There were limited opportunities to learn new skills.,Negative
I learned many new technical skills.,Positive
The team was collaborative and encouraging.,Positive
The expectations were unclear throughout the internship.,Negative
I received very little guidance from my supervisor.,Negative
The experience was fairly standard.,Neutral
There were limited opportunities to learn new skills.,Negative
The training sessions were unorganized.,Negative
I completed the assigned tasks successfully.,Neutral
The internship experience was average overall.,Neutral
I did not receive enough feedback on my work.,Negative
The overall experience was disappointing.,Negative
I received very little guidance from my supervisor.,Negative
The team was collaborative and encouraging.,Positive
The training sessions were highly informative.,Positive
The overall experience was disappointing.,Negative
There were limited opportunities to learn new skills.,Negative
The experience was fairly standard.,Neutral
The internship lacked proper structure.,Negative
The tasks assigned were repetitive and boring.,Negative
I gained valuable industry experience.,Positive
I learned many new technical skills.,Positive
I gained valuable industry experience.,Positive
I received very little guidance from my supervisor.,Negative
The supervisors provided constructive feedback.,Positive
The supervisors provided constructive feedback.,Positive
The training sessions were highly informative.,Positive
There were limited opportunities to learn new skills.,Negative
The training sessions were unorganized.,Negative
I enjoyed working on real-world projects.,Positive
Communication within the team was poor.,Negative
The internship lacked proper structure.,Negative
The work environment was acceptable.,Neutral
I enjoyed working on real-world projects.,Positive
The internship experience was average overall.,Neutral
I enjoyed working on real-world projects.,Positive
This internship exceeded my expectations.,Positive
The responsibilities were as expected.,Neutral
The internship lacked proper structure.,Negative
The workload was overwhelming and stressful.,Negative
The supervisors provided constructive feedback.,Positive
Communication within the team was poor.,Negative
The supervisors provided constructive feedback.,Positive
The mentors were very supportive and helpful.,Positive
I enjoyed working on real-world projects.,Positive
I completed the assigned tasks successfully.,Neutral
The work environment was acceptable.,Neutral
The support provided was sufficient.,Neutral
The internship was neither exceptional nor poor.,Neutral
The internship provided excellent learning oppurtunities.,Positive
The internship provided excellent learning oppurtunities.,Positive
The internship provided excellent learning oppurtunities.,Positive
The internship provided excellent learning oppurtunities.,Positive
I received very little guidance from my supervisor.,Negative
I completed the assigned tasks successfully.,Neutral
The training provided was adequate.,Neutral
The training provided was adequate.,Neutral
I did not receive enough feedback on my work.,Negative
The overall experience was disappointing.,Negative
The work environment was acceptable.,Neutral
The internship provided excellent learning oppurtunities.,Positive
The workload was overwhelming and stressful.,Negative
The internship experience was average overall.,Neutral
I enjoyed working on real-world projects.,Positive
The team was collaborative and encouraging.,Positive
The supervisors provided constructive feedback.,Positive
I received very little guidance from my supervisor.,Negative
I did not receive enough feedback on my work.,Negative
The mentors were very supportive and helpful.,Positive
The support provided was sufficient.,Neutral
The expectations were unclear throughout the internship.,Negative
The work environment was very professional and welcoming.,Positive
I enjoyed working on real-world projects.,Positive
The work environment was acceptable.,Neutral
The tasks assigned were repetitive and boring.,Negative
The tasks assigned were repetitive and boring.,Negative
The expectations were unclear throughout the internship.,Negative
Communication within the team was poor.,Negative
Communication within the team was poor.,Negative
The tasks assigned were repetitive and boring.,Negative
The work environment was very professional and welcoming.,Positive
This internship exceeded my expectations.,Positive
Communication within the team was poor.,Negative
The overall experience was disappointing.,Negative
The team was collaborative and encouraging.,Positive
The supervisors provided constructive feedback.,Positive
The overall experience was disappointing.,Negative
I gained valuable industry experience.,Positive
The work environment was acceptable.,Neutral
The tasks assigned were repetitive and boring.,Negative
The expectations were unclear throughout the internship.,Negative
The tasks assigned were repetitive and boring.,Negative
This internship exceeded my expectations.,Positive
I did not receive enough feedback on my work.,Negative
The assigned tasks were manageable.,Neutral
The overall experience was disappointing.,Negative
The workload was overwhelming and stressful.,Negative
The tasks assigned were repetitive and boring.,Negative
The work environment was very professional and welcoming.,Positive
The internship provided excellent learning oppurtunities.,Positive
The work environment was very professional and welcoming.,Positive
The assigned tasks were manageable.,Neutral
The training sessions were highly informative.,Positive
The support provided was sufficient.,Neutral
The tasks assigned were repetitive and boring.,Negative
Communication within the team was poor.,Negative
The work environment was acceptable.,Neutral
The responsibilities were as expected.,Neutral
The work environment was acceptable.,Neutral
The internship provided excellent learning oppurtunities.,Positive
Communication within the team was poor.,Negative
The team was collaborative and encouraging.,Positive
I did not receive enough feedback on my work.,Negative
The expectations were unclear throughout the internship.,Negative
The work environment was very professional and welcoming.,Positive
I learned many new technical skills.,Positive
The team was collaborative and encouraging.,Positive
I did not receive enough feedback on my work.,Negative
I received very little guidance from my supervisor.,Negative
The internship provided excellent learning oppurtunities.,Positive
I enjoyed working on real-world projects.,Positive
There were limited opportunities to learn new skills.,Negative
The internship lacked proper structure.,Negative
I did not receive enough feedback on my work.,Negative
The training provided was adequate.,Neutral
I completed the assigned tasks successfully.,Neutral
The training sessions were unorganized.,Negative
Communication within the team was poor.,Negative
The expectations were unclear throughout the internship.,Negative
I received very little guidance from my supervisor.,Negative
The internship lacked proper structure.,Negative
I did not receive enough feedback on my work.,Negative
The internship met the basic requirements.,Neutral
The work environment was very professional and welcoming.,Positive
The training provided was adequate.,Neutral
I received very little guidance from my supervisor.,Negative
The mentors were very supportive and helpful.,Positive
The internship met the basic requirements.,Neutral
Communication within the team was poor.,Negative
I gained valuable industry experience.,Positive
The expectations were unclear throughout the internship.,Negative
The tasks assigned were repetitive and boring.,Negative
I completed the assigned tasks successfully.,Neutral
Communication within the team was poor.,Negative
I completed the assigned tasks successfully.,Neutral
There were limited opportunities to learn new skills.,Negative
The expectations were unclear throughout the internship.,Negative
The work environment was acceptable.,Neutral
The training sessions were unorganized.,Negative
I received very little guidance from my supervisor.,Negative
The training sessions were highly informative.,Positive
The workload was overwhelming and stressful.,Negative
The expectations were unclear throughout the internship.,Negative
Communication within the team was poor.,Negative
The internship was neither exceptional nor poor.,Neutral
The training sessions were unorganized.,Negative
The team was collaborative and encouraging.,Positive
The internship provided excellent learning oppurtunities.,Positive
The workload was overwhelming and stressful.,Negative
The supervisors provided constructive feedback.,Positive
The training sessions were unorganized.,Negative
I gained valuable industry experience.,Positive
The training sessions were highly informative.,Positive
The overall experience was disappointing.,Negative
This internship exceeded my expectations.,Positive
The work environment was acceptable.,Neutral
This internship exceeded my expectations.,Positive
Communication within the team was poor.,Negative
I gained valuable industry experience.,Positive
Communication within the team was poor.,Negative
I enjoyed working on real-world projects.,Positive
I gained valuable industry experience.,Positive
The training sessions were unorganized.,Negative
The supervisors provided constructive feedback.,Positive
The expectations were unclear throughout the internship.,Negative
The training sessions were unorganized.,Negative
The expectations were unclear throughout the internship.,Negative
The team was collaborative and encouraging.,Positive
Communication within the team was poor.,Negative
The training sessions were unorganized.,Negative
The internship was neither exceptional nor poor.,Neutral
I did not receive enough feedback on my work.,Negative
Communication within the team was poor.,Negative
The responsibilities were as expected.,Neutral
The assigned tasks were manageable.,Neutral
I did not receive enough feedback on my work.,Negative
I received very little guidance from my supervisor.,Negative
The training sessions were highly informative.,Positive
The internship was neither exceptional nor poor.,Neutral
The internship lacked proper structure.,Negative
The training sessions were highly informative.,Positive
I learned many new technical skills.,Positive
The overall experience was disappointing.,Negative
I did not receive enough feedback on my work.,Negative
The expectations were unclear throughout the internship.,Negative
I received very little guidance from my supervisor.,Negative
The work environment was acceptable.,Neutral
The work environment was acceptable.,Neutral
The internship lacked proper structure.,Negative
The workload was overwhelming and stressful.,Negative
The overall experience was disappointing.,Negative
The internship lacked proper structure.,Negative
The training sessions were unorganized.,Negative
The expectations were unclear throughout the internship.,Negative
The work environment was very professional and welcoming.,Positive
The internship lacked proper structure.,Negative
The overall experience was disappointing.,Negative
The tasks assigned were repetitive and boring.,Negative
The internship provided excellent learning oppurtunities.,Positive
The work environment was very professional and welcoming.,Positive
The training sessions were unorganized.,Negative
The team was collaborative and encouraging.,Positive
The support provided was sufficient.,Neutral
The assigned tasks were manageable.,Neutral
Communication within the team was poor.,Negative
The internship met the basic requirements.,Neutral
This internship exceeded my expectations.,Positive
The support provided was sufficient.,Neutral
The training sessions were highly informative.,Positive
There were limited opportunities to learn new skills.,Negative
The experience was fairly standard.,Neutral
The experience was fairly standard.,Neutral
The work environment was very professional and welcoming.,Positive
The expectations were unclear throughout the internship.,Negative
The work environment was very professional and welcoming.,Positive
The supervisors provided constructive feedback.,Positive
The work environment was acceptable.,Neutral
The overall experience was disappointing.,Negative
The work environment was very professional and welcoming.,Positive
This internship exceeded my expectations.,Positive
This internship exceeded my expectations.,Positive
I enjoyed working on real-world projects.,Positive
The internship experience was average overall.,Neutral
I received very little guidance from my supervisor.,Negative
The tasks assigned were repetitive and boring.,Negative
The responsibilities were as expected.,Neutral
The responsibilities were as expected.,Neutral
The internship met the basic requirements.,Neutral
The overall experience was disappointing.,Negative
I gained valuable industry experience.,Positive
The tasks assigned were repetitive and boring.,Negative
The internship lacked proper structure.,Negative
The work environment was very professional and welcoming.,Positive
The internship experience was average overall.,Neutral
The internship lacked proper structure.,Negative
There were limited opportunities to learn new skills.,Negative
The support provided was sufficient.,Neutral
The work environment was very professional and welcoming.,Positive
I gained valuable industry experience.,Positive
I did not receive enough feedback on my work.,Negative
I received very little guidance from my supervisor.,Negative
I received very little guidance from my supervisor.,Negative
The support provided was sufficient.,Neutral
The internship provided excellent learning oppurtunities.,Positive
There were limited opportunities to learn new skills.,Negative
I learned many new technical skills.,Positive
The training provided was adequate.,Neutral
I gained valuable industry experience.,Positive
The training sessions were unorganized.,Negative
This internship exceeded my expectations.,Positive
The mentors were very supportive and helpful.,Positive
The internship met the basic requirements.,Neutral
I gained valuable industry experience.,Positive
I gained valuable industry experience.,Positive
The team was collaborative and encouraging.,Positive
The work environment was very professional and welcoming.,Positive
I did not receive enough feedback on my work.,Negative
The training provided was adequate.,Neutral
The work environment was very professional and welcoming.,Positive
I learned many new technical skills.,Positive
The supervisors provided constructive feedback.,Positive
The internship was neither exceptional nor poor.,Neutral
The internship provided excellent learning oppurtunities.,Positive
The assigned tasks were manageable.,Neutral
The mentors were very supportive and helpful.,Positive
I received very little guidance from my supervisor.,Negative
Communication within the team was poor.,Negative
The internship provided excellent learning oppurtunities.,Positive
The training sessions were unorganized.,Negative
The workload was overwhelming and stressful.,Negative
This internship exceeded my expectations.,Positive
The mentors were very supportive and helpful.,Positive
The overall experience was disappointing.,Negative
I gained valuable industry experience.,Positive
The internship experience was average overall.,Neutral
The team was collaborative and encouraging.,Positive
The training provided was adequate.,Neutral
I enjoyed working on real-world projects.,Positive
The supervisors provided constructive feedback.,Positive
The training sessions were unorganized.,Negative
The overall experience was disappointing.,Negative
The mentors were very supportive and helpful.,Positive
Communication within the team was poor.,Negative
The work environment was very professional and welcoming.,Positive
The mentors were very supportive and helpful.,Positive
This internship exceeded my expectations.,Positive
I enjoyed working on real-world projects.,Positive
Communication within the team was poor.,Negative
The mentors were very supportive and helpful.,Positive
I enjoyed working on real-world projects.,Positive
The internship met the basic requirements.,Neutral
The internship was neither exceptional nor poor.,Neutral
The workload was overwhelming and stressful.,Negative
The training sessions were unorganized.,Negative
The internship experience was average overall.,Neutral
The tasks assigned were repetitive and boring.,Negative
The tasks assigned were repetitive and boring.,Negative
The training sessions were highly informative.,Positive
The training provided was adequate.,Neutral
I enjoyed working on real-world projects.,Positive
This internship exceeded my expectations.,Positive
This internship exceeded my expectations.,Positive
The overall experience was disappointing.,Negative
The overall experience was disappointing.,Negative
I gained valuable industry experience.,Positive
The work environment was acceptable.,Neutral
The work environment was very professional and welcoming.,Positive
I gained valuable industry experience.,Positive
The expectations were unclear throughout the internship.,Negative
I completed the assigned tasks successfully.,Neutral
This internship exceeded my expectations.,Positive
I received very little guidance from my supervisor.,Negative
The internship lacked proper structure.,Negative
Communication within the team was poor.,Negative
The assigned tasks were manageable.,Neutral
The team was collaborative and encouraging.,Positive
I did not receive enough feedback on my work.,Negative
The work environment was very professional and welcoming.,Positive
The internship provided excellent learning oppurtunities.,Positive
